<?xml version="1.0" encoding="UTF-8"?>
<!DOCTYPE hibernate-configuration PUBLIC "-//Hibernate/Hibernate Configuration DTD 3.0//EN" "http://hibernate.sourceforge.net/hibernate-configuration-3.0.dtd">
<hibernate-configuration>
  <session-factory>
    <property name="hibernate.dialect">org.hibernate.dialect.MySQLDialect</property>
    <property name="hibernate.connection.driver_class">com.mysql.jdbc.Driver</property>
    <property name="hibernate.connection.url">jdbc:mysql://localhost:3306/tolls_system?zeroDateTimeBehavior=convertToNull</property>
    <property name="hibernate.connection.username">root</property>
    <property name="hibernate.connection.password">rasel12345</property>
    <!--Database auto create and update-->
    <property name="hbm2ddl.auto">update</property>
    <property name="hibernate.current_session_context_class">thread</property>
    <property name="hibernate.connection.pool_size">1</property>
    <property name="hibernate.show_sql">true</property>
    
    <mapping class="com.rasel.restful.tolls.model.VehicleReg"/>
    <mapping class="com.rasel.restful.tolls.model.TollsRate"/>
    <mapping class="com.rasel.restful.tolls.model.TollsCounter"/>
    <mapping class="com.rasel.restful.tolls.model.TollsLogin"/>
  </session-factory>
</hibernate-configuration>
